Risk factor,Linked disease,Year,Sex,Attributable deaths,Deaths,Percent deaths,Attributable YLL,YLL,Percent YLL,Attributable YLD,YLD,Percent YLD,Attributable DALY,DALY,Percent DALY
Overweight (including obesity),Acute lymphoblastic leukaemia,2003,Females,5.52,60.90,9.06,172.63,2295.97,7.52,10.45,135.00,7.74,183.07,2430.98,7.53
Overweight (including obesity),Acute lymphoblastic leukaemia,2003,Males,5.40,77.11,7.01,172.99,2955.52,5.85,10.20,171.26,5.95,183.19,3126.78,5.86
Overweight (including obesity),Acute lymphoblastic leukaemia,2003,Persons,10.92,138.01,7.91,345.62,5251.50,6.58,20.64,306.26,6.74,366.26,5557.75,6.59
Overweight (including obesity),Acute lymphoblastic leukaemia,2011,Females,4.06,34.57,11.73,100.49,991.57,10.13,8.32,100.80,8.25,108.81,1092.37,9.96
Overweight (including obesity),Acute lymphoblastic leukaemia,2011,Males,4.77,66.88,7.13,132.00,2528.15,5.22,9.50,162.89,5.83,141.51,2691.04,5.26
Overweight (including obesity),Acute lymphoblastic leukaemia,2011,Persons,8.83,101.45,8.70,232.49,3519.72,6.61,17.83,263.70,6.76,250.31,3783.42,6.62
Overweight (including obesity),Acute lymphoblastic leukaemia,2015,Females,7.03,69.81,10.07,168.86,2140.21,7.89,13.30,160.40,8.29,182.16,2300.61,7.92
Overweight (including obesity),Acute lymphoblastic leukaemia,2015,Males,3.56,52.54,6.77,86.15,1910.80,4.51,8.30,149.77,5.54,94.45,2060.57,4.58
Overweight (including obesity),Acute lymphoblastic leukaemia,2015,Persons,10.58,122.35,8.65,255.01,4051.01,6.30,21.60,310.17,6.96,276.61,4361.18,6.34
Overweight (including obesity),Acute lymphoblastic leukaemia,2018,Females,4.76,41.61,11.44,118.74,1363.30,8.71,9.37,113.45,8.26,128.11,1476.76,8.68
Overweight (including obesity),Acute lymphoblastic leukaemia,2018,Males,4.92,52.58,9.36,143.79,1730.54,8.31,10.23,149.90,6.82,154.02,1880.44,8.19
Overweight (including obesity),Acute lymphoblastic leukaemia,2018,Persons,9.68,94.19,10.28,262.53,3093.84,8.49,19.60,263.35,7.44,282.14,3357.19,8.40
Overweight (including obesity),Acute myeloid leukaemia,2003,Females,29.35,276.77,10.61,596.35,5827.59,10.23,18.97,184.92,10.26,615.32,6012.51,10.23
Overweight (including obesity),Acute myeloid leukaemia,2003,Males,29.40,375.77,7.82,599.62,8020.32,7.48,18.48,242.47,7.62,618.10,8262.78,7.48
Overweight (including obesity),Acute myeloid leukaemia,2003,Persons,58.75,652.54,9.00,1195.97,13847.91,8.64,37.46,427.39,8.76,1233.42,14275.30,8.64
Overweight (including obesity),Acute myeloid leukaemia,2011,Females,46.26,363.97,12.71,807.73,6561.09,12.31,27.24,226.23,12.04,834.98,6787.32,12.30
Overweight (including obesity),Acute myeloid leukaemia,2011,Males,39.02,467.21,8.35,742.84,8663.92,8.57,23.16,286.05,8.10,766.01,8949.97,8.56
Overweight (including obesity),Acute myeloid leukaemia,2011,Persons,85.28,831.18,10.26,1550.58,15225.01,10.18,50.41,512.28,9.84,1600.98,15737.29,10.17
Overweight (including obesity),Acute myeloid leukaemia,2015,Females,43.81,384.32,11.40,786.15,7083.69,11.10,25.74,231.79,11.11,811.89,7315.48,11.10
Overweight (including obesity),Acute myeloid leukaemia,2015,Males,48.57,536.07,9.06,861.34,9703.34,8.88,28.18,325.41,8.66,889.52,10028.75,8.87
Overweight (including obesity),Acute myeloid leukaemia,2015,Persons,92.38,920.39,10.04,1647.49,16787.03,9.81,53.92,557.20,9.68,1701.41,17344.23,9.81
Overweight (including obesity),Acute myeloid leukaemia,2018,Females,56.10,420.93,13.33,960.38,7396.76,12.98,32.94,259.03,12.72,993.32,7655.79,12.97
Overweight (including obesity),Acute myeloid leukaemia,2018,Males,65.25,674.10,9.68,1136.35,11682.25,9.73,34.97,370.71,9.43,1171.31,12052.96,9.72
Overweight (including obesity),Acute myeloid leukaemia,2018,Persons,121.35,1095.03,11.08,2096.72,19079.01,10.99,67.91,629.74,10.78,2164.63,19708.75,10.98
Overweight (including obesity),Asthma,2003,Females,52.02,208.40,24.96,1007.12,3971.28,25.36,11245.94,50355.64,22.33,12253.06,54326.92,22.55
Overweight (including obesity),Asthma,2003,Males,28.60,104.93,27.26,737.50,2942.26,25.07,8558.35,39105.38,21.89,9295.85,42047.64,22.11
Overweight (including obesity),Asthma,2003,Persons,80.62,313.33,25.73,1744.62,6913.54,25.23,19804.29,89461.02,22.14,21548.91,96374.56,22.36
Overweight (including obesity),Asthma,2011,Females,78.61,267.14,29.42,1289.42,4636.58,27.81,13049.06,53927.02,24.20,14338.48,58563.60,24.48
Overweight (including obesity),Asthma,2011,Males,31.95,113.92,28.04,682.10,2566.67,26.58,11105.49,46951.39,23.65,11787.58,49518.06,23.80
Overweight (including obesity),Asthma,2011,Persons,110.55,381.06,29.01,1971.52,7203.25,27.37,24154.55,100878.41,23.94,26126.06,108081.66,24.17
Overweight (including obesity),Asthma,2015,Females,80.08,300.78,26.62,1108.13,4283.11,25.87,14761.77,62384.01,23.66,15869.90,66667.12,23.80
Overweight (including obesity),Asthma,2015,Males,43.96,147.44,29.81,921.81,3269.28,28.20,12227.55,50676.78,24.13,13149.36,53946.06,24.38
Overweight (including obesity),Asthma,2015,Persons,124.04,448.22,27.67,2029.94,7552.39,26.88,26989.33,113060.79,23.87,29019.26,120613.18,24.06
Overweight (including obesity),Asthma,2018,Females,84.73,278.67,30.40,1150.87,3976.70,28.94,17830.30,68110.12,26.18,18981.17,72086.82,26.33
Overweight (including obesity),Asthma,2018,Males,47.36,148.76,31.83,1087.47,3594.90,30.25,14519.15,55204.44,26.30,15606.62,58799.34,26.54
Overweight (including obesity),Asthma,2018,Persons,132.08,427.43,30.90,2238.34,7571.60,29.56,32349.45,123314.56,26.23,34587.79,130886.16,26.43
Overweight (including obesity),Atrial fibrillation and flutter,2003,Females,122.99,609.71,20.17,1054.90,4851.11,21.75,2259.89,9443.20,23.93,3314.79,14294.31,23.19
Overweight (including obesity),Atrial fibrillation and flutter,2003,Males,81.60,336.57,24.25,872.98,3506.07,24.90,3131.43,12065.38,25.95,4004.42,15571.45,25.72
Overweight (including obesity),Atrial fibrillation and flutter,2003,Persons,204.59,946.28,21.62,1927.88,8357.18,23.07,5391.32,21508.58,25.07,7319.20,29865.76,24.51
Overweight (including obesity),Atrial fibrillation and flutter,2011,Females,258.39,982.12,26.31,1959.22,7238.87,27.07,3202.13,11514.85,27.81,5161.35,18753.72,27.52
Overweight (including obesity),Atrial fibrillation and flutter,2011,Males,128.21,548.41,23.38,1260.27,5122.37,24.60,4240.40,15419.22,27.50,5500.67,20541.59,26.78
Overweight (including obesity),Atrial fibrillation and flutter,2011,Persons,386.60,1530.53,25.26,3219.49,12361.24,26.05,7442.53,26934.07,27.63,10662.02,39295.31,27.13
Overweight (including obesity),Atrial fibrillation and flutter,2015,Females,334.04,1438.27,23.22,2321.60,9696.02,23.94,3829.09,14972.97,25.57,6150.69,24668.99,24.93
Overweight (including obesity),Atrial fibrillation and flutter,2015,Males,206.21,791.25,26.06,1875.36,6877.43,27.27,5738.91,19874.78,28.88,7614.27,26752.21,28.46
Overweight (including obesity),Atrial fibrillation and flutter,2015,Persons,540.25,2229.52,24.23,4196.96,16573.45,25.32,9568.00,34847.75,27.46,13764.96,51421.21,26.77
Overweight (including obesity),Atrial fibrillation and flutter,2018,Females,387.54,1431.34,27.08,2538.33,9155.00,27.73,5174.73,18029.15,28.70,7713.06,27184.15,28.37
Overweight (including obesity),Atrial fibrillation and flutter,2018,Males,240.77,876.74,27.46,2105.96,7326.77,28.74,7294.82,24011.26,30.38,9400.78,31338.03,30.00
Overweight (including obesity),Atrial fibrillation and flutter,2018,Persons,628.30,2308.08,27.22,4644.30,16481.77,28.18,12469.55,42040.41,29.66,17113.84,58522.18,29.24
Overweight (including obesity),Bowel cancer,2003,Females,122.47,2406.34,5.09,2178.66,39650.41,5.49,125.80,2416.96,5.20,2304.46,42067.38,5.48
Overweight (including obesity),Bowel cancer,2003,Males,428.90,2813.12,15.25,8270.71,52433.18,15.77,444.28,2907.88,15.28,8714.99,55341.06,15.75
Overweight (including obesity),Bowel cancer,2003,Persons,551.36,5219.46,10.56,10449.37,92083.59,11.35,570.08,5324.85,10.71,11019.45,97408.44,11.31
Overweight (including obesity),Bowel cancer,2011,Females,149.93,2466.91,6.08,2311.24,37422.78,6.18,170.84,2775.88,6.15,2482.08,40198.66,6.17
Overweight (including obesity),Bowel cancer,2011,Males,459.98,2883.29,15.95,8544.15,50541.34,16.91,545.46,3370.19,16.18,9089.61,53911.53,16.86
Overweight (including obesity),Bowel cancer,2011,Persons,609.92,5350.20,11.40,10855.39,87964.12,12.34,716.30,6146.07,11.65,11571.69,94110.19,12.30
Overweight (including obesity),Bowel cancer,2015,Females,144.04,2619.64,5.50,2349.94,40319.80,5.83,159.09,2827.65,5.63,2509.03,43147.46,5.82
Overweight (including obesity),Bowel cancer,2015,Males,514.34,3022.74,17.02,9184.30,52147.86,17.61,597.69,3468.20,17.23,9781.99,55616.06,17.59
Overweight (including obesity),Bowel cancer,2015,Persons,658.38,5642.38,11.67,11534.24,92467.66,12.47,756.78,6295.85,12.02,12291.02,98763.52,12.44
Overweight (including obesity),Bowel cancer,2018,Females,163.95,2576.61,6.36,2575.04,39672.40,6.49,188.47,2925.71,6.44,2763.51,42598.10,6.49
Overweight (including obesity),Bowel cancer,2018,Males,544.47,2995.07,18.18,9747.18,51425.54,18.95,658.64,3579.09,18.40,10405.82,55004.63,18.92
Overweight (including obesity),Bowel cancer,2018,Persons,708.42,5571.68,12.71,12322.22,91097.94,13.53,847.11,6504.80,13.02,13169.33,97602.74,13.49
Overweight (including obesity),Breast cancer,2003,Females,190.59,2792.26,6.83,3882.64,63213.66,6.14,467.74,6870.77,6.81,4350.38,70084.43,6.21
Overweight (including obesity),Breast cancer,2003,Persons,190.59,2802.45,6.80,3882.64,63438.03,6.12,467.74,6926.63,6.75,4350.38,70364.66,6.18
Overweight (including obesity),Breast cancer,2011,Females,241.71,2994.94,8.07,4460.09,62935.48,7.09,662.24,8438.67,7.85,5122.32,71374.15,7.18
Overweight (including obesity),Breast cancer,2011,Persons,241.71,3017.32,8.01,4460.09,63276.24,7.05,662.24,8514.36,7.78,5122.32,71790.61,7.14
Overweight (including obesity),Breast cancer,2015,Females,228.54,2983.77,7.66,4280.32,60331.31,7.09,699.97,9290.83,7.53,4980.29,69622.14,7.15
Overweight (including obesity),Breast cancer,2015,Persons,228.54,3011.07,7.59,4280.32,60774.45,7.04,699.97,9381.75,7.46,4980.29,70156.20,7.10
Overweight (including obesity),Breast cancer,2018,Females,263.53,3075.53,8.57,4592.98,60801.59,7.55,806.07,9706.12,8.30,5399.04,70507.71,7.66
Overweight (including obesity),Breast cancer,2018,Persons,263.53,3113.00,8.47,4592.98,61429.57,7.48,806.07,9818.33,8.21,5399.04,71247.90,7.58
Overweight (including obesity),Cataract and other lens disorders,2003,Females,0.00,0.00,,0.00,0.00,,114.41,1485.76,7.70,114.41,1485.76,7.70
Overweight (including obesity),Cataract and other lens disorders,2003,Males,0.00,0.00,,0.00,0.00,,102.12,1141.59,8.95,102.12,1141.59,8.95
Overweight (including obesity),Cataract and other lens disorders,2003,Persons,0.00,0.00,,0.00,0.00,,216.53,2627.35,8.24,216.53,2627.35,8.24
Overweight (including obesity),Cataract and other lens disorders,2011,Females,0.00,0.00,,0.00,0.00,,186.20,1862.81,10.00,186.20,1862.81,10.00
Overweight (including obesity),Cataract and other lens disorders,2011,Males,0.00,0.00,,0.00,0.00,,136.54,1525.20,8.95,136.54,1525.20,8.95
Overweight (including obesity),Cataract and other lens disorders,2011,Persons,0.00,0.00,,0.00,0.00,,322.74,3388.00,9.53,322.74,3388.00,9.53
Overweight (including obesity),Cataract and other lens disorders,2015,Females,0.00,0.00,,0.00,0.00,,180.76,2068.05,8.74,180.76,2068.05,8.74
Overweight (including obesity),Cataract and other lens disorders,2015,Males,0.00,0.00,,0.00,0.00,,178.45,1766.03,10.10,178.45,1766.03,10.10
Overweight (including obesity),Cataract and other lens disorders,2015,Persons,0.00,0.00,,0.00,0.00,,359.21,3834.09,9.37,359.21,3834.09,9.37
Overweight (including obesity),Cataract and other lens disorders,2018,Females,0.00,0.00,,0.00,0.00,,233.65,2234.97,10.45,233.65,2234.97,10.45
Overweight (including obesity),Cataract and other lens disorders,2018,Males,0.00,0.00,,0.00,0.00,,212.77,1975.20,10.77,212.77,1975.20,10.77
Overweight (including obesity),Cataract and other lens disorders,2018,Persons,0.00,0.00,,0.00,0.00,,446.41,4210.18,10.60,446.41,4210.18,10.60
Overweight (including obesity),Chronic kidney disease,2003,Females,305.89,1058.05,28.91,3802.69,11098.30,34.26,1662.66,4700.08,35.38,5465.35,15798.38,34.59
Overweight (including obesity),Chronic kidney disease,2003,Males,333.52,981.68,33.97,4884.73,13060.35,37.40,1699.81,4230.56,40.18,6584.53,17290.91,38.08
Overweight (including obesity),Chronic kidney disease,2003,Persons,639.40,2039.73,31.35,8687.42,24158.65,35.96,3362.47,8930.64,37.65,12049.89,33089.29,36.42
Overweight (including obesity),Chronic kidney disease,2011,Females,499.06,1441.42,34.62,5446.47,14558.47,37.41,2432.02,6108.11,39.82,7878.49,20666.58,38.12
Overweight (including obesity),Chronic kidney disease,2011,Males,434.35,1323.70,32.81,5685.10,15208.80,37.38,2430.41,5795.05,41.94,8115.51,21003.85,38.64
Overweight (including obesity),Chronic kidney disease,2011,Persons,933.41,2765.12,33.76,11131.57,29767.26,37.40,4862.43,11903.16,40.85,15994.00,41670.42,38.38
Overweight (including obesity),Chronic kidney disease,2015,Females,633.72,1982.60,31.96,7310.51,20179.44,36.23,2588.39,6816.94,37.97,9898.89,26996.38,36.67
Overweight (including obesity),Chronic kidney disease,2015,Males,693.65,1874.88,37.00,9951.35,23745.57,41.91,2877.25,6609.68,43.53,12828.60,30355.25,42.26
Overweight (including obesity),Chronic kidney disease,2015,Persons,1327.37,3857.48,34.41,17261.86,43925.01,39.30,5465.64,13426.62,40.71,22727.49,57351.63,39.63
Overweight (including obesity),Chronic kidney disease,2018,Females,591.50,1646.42,35.93,6383.52,15968.99,39.97,3038.73,7361.26,41.28,9422.25,23330.25,40.39
Overweight (including obesity),Chronic kidney disease,2018,Males,602.68,1584.49,38.04,8003.79,18792.91,42.59,3257.69,7172.39,45.42,11261.48,25965.30,43.37
Overweight (including obesity),Chronic kidney disease,2018,Persons,1194.19,3230.91,36.96,14387.31,34761.90,41.39,6296.42,14533.65,43.32,20683.73,49295.55,41.96
Overweight (including obesity),Chronic lymphocytic leukaemia,2003,Females,11.42,115.89,9.86,137.00,1241.16,11.04,15.35,141.37,10.86,152.36,1382.53,11.02
Overweight (including obesity),Chronic lymphocytic leukaemia,2003,Males,14.19,177.19,8.01,254.41,3052.29,8.34,16.85,207.15,8.13,271.26,3259.44,8.32
Overweight (including obesity),Chronic lymphocytic leukaemia,2003,Persons,25.61,293.08,8.74,391.41,4293.45,9.12,32.20,348.53,9.24,423.61,4641.97,9.13
Overweight (including obesity),Chronic lymphocytic leukaemia ,2011,Females,19.00,155.57,12.22,207.00,1630.28,12.70,22.86,178.00,12.84,229.86,1808.28,12.71
Overweight (including obesity),Chronic lymphocytic leukaemia,2011,Males,15.72,202.36,7.77,221.54,2611.14,8.48,24.88,282.89,8.79,246.42,2894.03,8.51
Overweight (including obesity),Chronic lymphocytic leukaemia ,2011,Persons,34.72,357.93,9.70,428.55,4241.42,10.10,47.74,460.89,10.36,476.28,4702.31,10.13
Overweight (including obesity),Chronic lymphocytic leukaemia ,2015,Females,15.72,143.95,10.92,167.25,1425.76,11.73,23.18,193.79,11.96,190.43,1619.54,11.76
Overweight (including obesity),Chronic lymphocytic leukaemia,2015,Males,17.77,204.45,8.69,243.40,2624.98,9.27,31.32,333.33,9.40,274.72,2958.31,9.29
Overweight (including obesity),Chronic lymphocytic leukaemia,2015,Persons,33.48,348.39,9.61,410.65,4050.74,10.14,54.50,527.12,10.34,465.15,4577.86,10.16
Overweight (including obesity),Chronic lymphocytic leukaemia,2018,Females,17.05,133.61,12.76,172.01,1293.69,13.30,30.26,223.32,13.55,202.27,1517.00,13.33
Overweight (including obesity),Chronic lymphocytic leukaemia,2018,Males,16.95,185.98,9.11,208.10,2138.77,9.73,36.76,365.53,10.06,244.86,2504.30,9.78
Overweight (including obesity),Chronic lymphocytic leukaemia,2018,Persons,34.00,319.58,10.64,380.11,3432.46,11.07,67.03,588.85,11.38,447.13,4021.30,11.12
Overweight (including obesity),Chronic myeloid leukaemia ,2003,Females,5.95,58.09,10.24,103.13,941.33,10.96,4.21,40.03,10.51,107.34,981.35,10.94
Overweight (including obesity),Chronic myeloid leukaemia,2003,Males,5.75,73.44,7.82,126.00,1618.79,7.78,4.38,54.89,7.98,130.38,1673.68,7.79
Overweight (including obesity),Chronic myeloid leukaemia,2003,Persons,11.70,131.53,8.89,229.14,2560.12,8.95,8.58,94.92,9.04,237.72,2655.04,8.95
Overweight (including obesity),Chronic myeloid leukaemia,2011,Females,4.66,37.07,12.57,55.55,426.04,13.04,6.01,49.56,12.12,61.56,475.60,12.94
Overweight (including obesity),Chronic myeloid leukaemia,2011,Males,4.96,61.59,8.05,91.34,1055.05,8.66,5.84,68.16,8.56,97.17,1123.21,8.65
Overweight (including obesity),Chronic myeloid leukaemia,2011,Persons,9.62,98.66,9.75,146.89,1481.09,9.92,11.84,117.72,10.06,158.73,1598.81,9.93
Overweight (including obesity),Chronic myeloid leukaemia,2015,Females,4.16,37.98,10.95,51.99,458.02,11.35,6.35,53.43,11.88,58.33,511.45,11.41
Overweight (including obesity),Chronic myeloid leukaemia,2015,Males,5.24,63.19,8.29,76.06,896.66,8.48,6.07,68.78,8.83,82.13,965.44,8.51
Overweight (including obesity),Chronic myeloid leukaemia,2015,Persons,9.40,101.17,9.29,128.05,1354.68,9.45,12.42,122.21,10.16,140.47,1476.89,9.51
Overweight (including obesity),Chronic myeloid leukaemia,2018,Females,4.86,38.21,12.71,47.63,359.63,13.24,7.16,55.42,12.92,54.79,415.05,13.20
Overweight (including obesity),Chronic myeloid leukaemia,2018,Males,6.99,75.51,9.26,103.58,1075.26,9.63,7.14,74.29,9.61,110.71,1149.56,9.63
Overweight (including obesity),Chronic myeloid leukaemia,2018,Persons,11.85,113.72,10.42,151.20,1434.89,10.54,14.30,129.72,11.02,165.50,1564.61,10.58
Overweight (including obesity),Coronary heart disease,2003,Females,1924.24,13447.75,14.31,24317.06,127152.01,19.12,6182.53,31118.97,19.87,30499.59,158270.98,19.27
Overweight (including obesity),Coronary heart disease,2003,Males,3072.02,14658.51,20.96,58626.37,220879.37,26.54,11135.05,44634.32,24.95,69761.43,265513.69,26.27
Overweight (including obesity),Coronary heart disease,2003,Persons,4996.26,28106.27,17.78,82943.43,348031.38,23.83,17317.59,75753.29,22.86,100261.02,423784.67,23.66
Overweight (including obesity),Coronary heart disease,2011,Females,1999.38,11556.62,17.30,21107.60,97097.58,21.74,6600.18,29003.20,22.76,27707.77,126100.78,21.97
Overweight (including obesity),Coronary heart disease,2011,Males,2721.87,13135.19,20.72,51866.89,185696.13,27.93,11462.30,43715.62,26.22,63329.18,229411.74,27.61
Overweight (including obesity),Coronary heart disease,2011,Persons,4721.25,24691.81,19.12,72974.49,282793.71,25.80,18062.47,72718.82,24.84,91036.96,355512.53,25.61
Overweight (including obesity),Coronary heart disease,2015,Females,1625.88,10471.07,15.53,18014.99,87359.98,20.62,5609.15,26278.36,21.35,23624.14,113638.33,20.79
Overweight (including obesity),Coronary heart disease,2015,Males,2794.01,12543.40,22.27,50875.47,174999.65,29.07,11206.49,41017.30,27.32,62081.96,216016.95,28.74
Overweight (including obesity),Coronary heart disease,2015,Persons,4419.89,23014.46,19.20,68890.46,262359.63,26.26,16815.64,67295.66,24.99,85706.10,329655.28,26.00
Overweight (including obesity),Coronary heart disease,2018,Females,1664.67,9080.29,18.33,18306.26,77524.55,23.61,6322.00,26546.72,23.81,24628.26,104071.27,23.66
Overweight (including obesity),Coronary heart disease,2018,Males,2830.54,11955.12,23.68,51127.83,165677.30,30.86,12128.18,42296.54,28.67,63256.00,207973.84,30.42
Overweight (including obesity),Coronary heart disease,2018,Persons,4495.21,21035.41,21.37,69434.09,243201.85,28.55,18450.18,68843.26,26.80,87884.27,312045.11,28.16
Overweight (including obesity),Dementia,2003,Females,429.10,3239.36,13.25,3401.31,24075.93,14.13,5394.82,37489.45,14.39,8796.14,61565.38,14.29
Overweight (including obesity),Dementia,2003,Males,259.96,1553.01,16.74,2556.07,14977.67,17.07,2836.92,16345.15,17.36,5392.99,31322.82,17.22
Overweight (including obesity),Dementia,2003,Persons,689.06,4792.37,14.38,5957.38,39053.60,15.25,8231.74,53834.60,15.29,14189.13,92888.21,15.28
Overweight (including obesity),Dementia,2011,Females,1288.89,7167.27,17.98,9206.93,49933.52,18.44,8808.66,47606.22,18.50,18015.59,97539.74,18.47
Overweight (including obesity),Dementia,2011,Males,589.06,3666.88,16.06,5415.82,31903.93,16.98,3895.91,22113.28,17.62,9311.73,54017.20,17.24
Overweight (including obesity),Dementia,2011,Persons,1877.96,10834.15,17.33,14622.75,81837.44,17.87,12704.57,69719.49,18.22,27327.32,151556.94,18.03
Overweight (including obesity),Dementia,2015,Females,1381.91,8759.36,15.78,9587.75,59058.43,16.23,8815.96,53304.90,16.54,18403.72,112363.33,16.38
Overweight (including obesity),Dementia,2015,Males,884.61,4851.09,18.24,7869.33,41544.44,18.94,4989.23,25703.00,19.41,12858.57,67247.44,19.12
Overweight (including obesity),Dementia,2015,Persons,2266.52,13610.45,16.65,17457.09,100602.86,17.35,13805.20,79007.91,17.47,31262.28,179610.77,17.41
Overweight (including obesity),Dementia,2018,Females,1818.87,9726.05,18.70,12450.09,64900.14,19.18,11138.05,57709.96,19.30,23588.14,122610.10,19.24
Overweight (including obesity),Dementia,2018,Males,1081.34,5585.14,19.36,9395.13,46572.63,20.17,5907.64,28772.57,20.53,15302.77,75345.20,20.31
Overweight (including obesity),Dementia,2018,Persons,2900.21,15311.20,18.94,21845.22,111472.77,19.60,17045.69,86482.52,19.71,38890.91,197955.29,19.65
Overweight (including obesity),Gallbladder and bile duct disease,2003,Females,59.65,163.61,36.46,748.20,1907.38,39.23,177.65,449.22,39.55,925.85,2356.60,39.29
Overweight (including obesity),Gallbladder and bile duct disease,2003,Males,38.52,125.32,30.74,508.95,1598.77,31.83,65.00,199.43,32.60,573.95,1798.20,31.92
Overweight (including obesity),Gallbladder and bile duct disease,2003,Persons,98.17,288.93,33.98,1257.15,3506.15,35.86,242.66,648.65,37.41,1499.81,4154.80,36.10
Overweight (including obesity),Gallbladder and bile duct disease,2011,Females,97.65,226.91,43.04,919.79,2089.47,44.02,195.34,479.92,40.70,1115.13,2569.39,43.40
Overweight (including obesity),Gallbladder and bile duct disease,2011,Males,51.89,170.88,30.36,646.05,1980.12,32.63,82.89,242.36,34.20,728.94,2222.48,32.80
Overweight (including obesity),Gallbladder and bile duct disease,2011,Persons,149.54,397.78,37.59,1565.84,4069.60,38.48,278.24,722.28,38.52,1844.08,4791.87,38.48
Overweight (including obesity),Gallbladder and bile duct disease,2015,Females,102.62,257.96,39.78,993.92,2396.34,41.48,198.77,491.33,40.46,1192.69,2887.67,41.30
Overweight (including obesity),Gallbladder and bile duct disease,2015,Males,64.32,194.82,33.01,851.34,2481.66,34.31,85.92,245.80,34.96,937.26,2727.46,34.36
Overweight (including obesity),Gallbladder and bile duct disease,2015,Persons,166.93,452.77,36.87,1845.26,4878.00,37.83,284.70,737.13,38.62,2129.95,5615.13,37.93
Overweight (including obesity),Gallbladder and bile duct disease,2018,Females,138.55,311.69,44.45,1336.53,2944.52,45.39,213.17,498.84,42.73,1549.70,3443.36,45.01
Overweight (including obesity),Gallbladder and bile duct disease,2018,Males,84.99,245.05,34.68,934.15,2560.10,36.49,95.78,257.07,37.26,1029.92,2817.17,36.56
Overweight (including obesity),Gallbladder and bile duct disease,2018,Persons,223.54,556.74,40.15,2270.68,5504.62,41.25,308.94,755.91,40.87,2579.62,6260.53,41.20
Overweight (including obesity),Gallbladder cancer,2003,Females,47.70,187.26,25.47,846.17,3116.78,27.15,19.09,75.79,25.19,865.26,3192.57,27.10
Overweight (including obesity),Gallbladder cancer,2003,Males,16.41,116.88,14.04,336.81,2313.53,14.56,7.51,53.85,13.94,344.32,2367.38,14.54
Overweight (including obesity),Gallbladder cancer,2003,Persons,64.11,304.14,21.08,1182.98,5430.31,21.78,26.60,129.64,20.52,1209.58,5559.95,21.76
Overweight (including obesity),Gallbladder cancer,2011,Females,49.98,167.99,29.75,715.48,2361.67,30.30,26.30,87.38,30.10,741.77,2449.05,30.29
Overweight (including obesity),Gallbladder cancer,2011,Males,13.26,89.32,14.85,249.45,1570.89,15.88,10.14,68.37,14.84,259.60,1639.26,15.84
Overweight (including obesity),Gallbladder cancer,2011,Persons,63.25,257.31,24.58,964.93,3932.56,24.54,36.44,155.75,23.40,1001.37,4088.30,24.49
Overweight (including obesity),Gallbladder cancer,2015,Females,48.57,176.31,27.55,769.77,2602.19,29.58,27.49,98.35,27.95,797.26,2700.54,29.52
Overweight (including obesity),Gallbladder cancer,2015,Males,19.29,122.16,15.79,318.59,1927.91,16.53,14.19,88.26,16.08,332.78,2016.17,16.51
Overweight (including obesity),Gallbladder cancer,2015,Persons,67.86,298.47,22.74,1088.36,4530.11,24.02,41.68,186.60,22.34,1130.04,4716.71,23.96
Overweight (including obesity),Gallbladder cancer,2018,Females,54.74,174.18,31.43,836.58,2572.45,32.52,33.82,105.98,31.91,870.40,2678.44,32.50
Overweight (including obesity),Gallbladder cancer,2018,Males,22.28,131.39,16.96,394.25,2200.39,17.92,17.28,99.35,17.40,411.53,2299.74,17.89
Overweight (including obesity),Gallbladder cancer,2018,Persons,77.02,305.57,25.21,1230.83,4772.84,25.79,51.10,205.33,24.89,1281.93,4978.18,25.75
Overweight (including obesity),Gout,2003,Females,3.46,13.11,26.36,28.12,102.37,27.47,417.85,1295.91,32.24,445.98,1398.28,31.89
Overweight (including obesity),Gout,2003,Males,5.88,15.79,37.21,80.94,212.61,38.07,2173.96,5434.10,40.01,2254.90,5646.71,39.93
Overweight (including obesity),Gout,2003,Persons,9.33,28.90,32.29,109.06,314.98,34.62,2591.81,6730.01,38.51,2700.87,7044.99,38.34
Overweight (including obesity),Gout,2011,Females,3.80,11.34,33.49,30.54,89.07,34.29,378.39,1083.24,34.93,408.94,1172.31,34.88
Overweight (including obesity),Gout,2011,Males,3.82,10.38,36.79,51.25,128.31,39.94,1922.59,4636.73,41.46,1973.84,4765.04,41.42
Overweight (including obesity),Gout,2011,Persons,7.62,21.72,35.07,81.79,217.39,37.63,2300.98,5719.97,40.23,2382.77,5937.36,40.13
Overweight (including obesity),Gout,2015,Females,1.93,6.31,30.52,12.96,41.15,31.49,318.64,972.02,32.78,331.59,1013.17,32.73
Overweight (including obesity),Gout,2015,Males,10.97,27.73,39.54,112.61,272.16,41.37,1781.35,4224.72,42.16,1893.95,4496.88,42.12
Overweight (including obesity),Gout,2015,Persons,12.89,34.04,37.87,125.56,313.31,40.08,2099.98,5196.74,40.41,2225.54,5510.06,40.39
Overweight (including obesity),Gout,2018,Females,2.85,8.34,34.18,14.87,43.19,34.44,223.65,635.26,35.21,238.52,678.45,35.16
Overweight (including obesity),Gout,2018,Males,7.97,19.44,41.00,69.79,163.79,42.61,1961.75,4411.59,44.47,2031.54,4575.37,44.40
Overweight (including obesity),Gout,2018,Persons,10.82,27.78,38.95,84.66,206.98,40.90,2185.40,5046.84,43.30,2270.06,5253.82,43.21
Overweight (including obesity),Hypertensive heart disease,2003,Females,163.89,471.95,34.73,1574.32,3953.11,39.82,34.44,93.10,36.99,1608.76,4046.22,39.76
Overweight (including obesity),Hypertensive heart disease,2003,Males,96.03,216.40,44.38,1619.88,3252.52,49.80,20.42,47.14,43.32,1640.30,3299.66,49.71
Overweight (including obesity),Hypertensive heart disease,2003,Persons,259.93,688.36,37.76,3194.20,7205.63,44.33,54.86,140.24,39.12,3249.06,7345.87,44.23
Overweight (including obesity),Hypertensive heart disease,2011,Females,246.30,583.02,42.25,1870.42,4091.11,45.72,45.07,101.88,44.24,1915.49,4193.00,45.68
Overweight (including obesity),Hypertensive heart disease,2011,Males,125.88,294.85,42.69,1851.96,3708.90,49.93,22.75,52.50,43.34,1874.72,3761.40,49.84
Overweight (including obesity),Hypertensive heart disease,2011,Persons,372.19,877.87,42.40,3722.38,7800.02,47.72,67.83,154.38,43.93,3790.21,7954.40,47.65
Overweight (including obesity),Hypertensive heart disease,2015,Females,320.32,821.63,38.99,2525.35,5873.61,42.99,43.75,106.39,41.12,2569.10,5980.00,42.96
Overweight (including obesity),Hypertensive heart disease,2015,Males,213.00,458.36,46.47,3191.73,6056.75,52.70,26.31,56.85,46.28,3218.04,6113.60,52.64
Overweight (including obesity),Hypertensive heart disease,2015,Persons,533.31,1279.99,41.67,5717.08,11930.35,47.92,70.06,163.24,42.92,5787.14,12093.60,47.85
Overweight (including obesity),Hypertensive heart disease,2018,Females,319.37,726.48,43.96,2544.48,5362.36,47.45,52.98,115.74,45.77,2597.45,5478.10,47.42
Overweight (including obesity),Hypertensive heart disease,2018,Males,205.19,418.56,49.02,3160.69,5740.22,55.06,30.70,63.66,48.22,3191.39,5803.88,54.99
Overweight (including obesity),Hypertensive heart disease,2018,Persons,524.55,1145.05,45.81,5705.17,11102.58,51.39,83.67,179.40,46.64,5788.84,11281.98,51.31
Overweight (including obesity),Kidney cancer,2003,Females,74.64,316.42,23.59,1305.10,5271.87,24.76,62.92,261.80,24.03,1368.02,5533.67,24.72
Overweight (including obesity),Kidney cancer,2003,Males,103.39,507.41,20.38,2225.61,10615.01,20.97,92.42,448.74,20.59,2318.03,11063.75,20.95
Overweight (including obesity),Kidney cancer,2003,Persons,178.03,823.82,21.61,3530.71,15886.87,22.22,155.33,710.55,21.86,3686.05,16597.42,22.21
Overweight (including obesity),Kidney cancer,2011,Females,92.21,326.45,28.25,1455.20,5194.59,28.01,98.11,347.18,28.26,1553.32,5541.77,28.03
Overweight (including obesity),Kidney cancer,2011,Males,126.55,586.53,21.58,2643.79,11606.36,22.78,141.84,631.71,22.45,2785.63,12238.08,22.76
Overweight (including obesity),Kidney cancer,2011,Persons,218.76,912.98,23.96,4098.99,16800.95,24.40,239.96,978.90,24.51,4338.95,17779.85,24.40
Overweight (including obesity),Kidney cancer,2015,Females,88.30,341.20,25.88,1470.72,5454.23,26.96,109.45,404.80,27.04,1580.17,5859.03,26.97
Overweight (including obesity),Kidney cancer,2015,Males,145.83,628.88,23.19,2670.39,11072.79,24.12,179.49,760.71,23.59,2849.88,11833.50,24.08
Overweight (including obesity),Kidney cancer,2015,Persons,234.13,970.07,24.14,4141.11,16527.01,25.06,288.94,1165.52,24.79,4430.05,17692.53,25.04
Overweight (including obesity),Kidney cancer,2018,Females,92.97,315.50,29.47,1364.92,4498.45,30.34,127.60,428.02,29.81,1492.52,4926.47,30.30
Overweight (including obesity),Kidney cancer,2018,Males,150.26,614.76,24.44,2682.26,10620.45,25.26,209.14,823.07,25.41,2891.40,11443.52,25.27
Overweight (including obesity),Kidney cancer,2018,Persons,243.23,930.26,26.15,4047.19,15118.90,26.77,336.74,1251.09,26.92,4383.93,16369.99,26.78
Overweight (including obesity),Liver cancer,2003,Females,42.36,299.56,14.14,795.05,5419.76,14.67,9.46,69.97,13.52,804.52,5489.73,14.65
Overweight (including obesity),Liver cancer,2003,Males,145.60,635.33,22.92,3142.22,13405.22,23.44,36.01,159.20,22.62,3178.23,13564.41,23.43
Overweight (including obesity),Liver cancer,2003,Persons,187.96,934.89,20.11,3937.27,18824.97,20.92,45.47,229.17,19.84,3982.75,19054.15,20.90
Overweight (including obesity),Liver cancer,2011,Females,75.42,458.67,16.44,1225.45,7438.97,16.47,18.64,115.24,16.18,1244.10,7554.21,16.47
Overweight (including obesity),Liver cancer,2011,Males,248.20,1011.66,24.53,5505.84,21707.64,25.36,70.71,289.19,24.45,5576.56,21996.83,25.35
Overweight (including obesity),Liver cancer,2011,Persons,323.62,1470.33,22.01,6731.29,29146.61,23.09,89.36,404.43,22.09,6820.65,29551.04,23.08
Overweight (including obesity),Liver cancer,2015,Females,92.75,611.06,15.18,1660.10,10531.37,15.76,23.18,152.81,15.17,1683.29,10684.18,15.75
Overweight (including obesity),Liver cancer,2015,Males,315.10,1223.66,25.75,6492.57,24807.46,26.17,98.60,381.07,25.87,6591.17,25188.53,26.17
Overweight (including obesity),Liver cancer,2015,Persons,407.85,1834.72,22.23,8152.68,35338.83,23.07,121.78,533.87,22.81,8274.46,35872.71,23.07
Overweight (including obesity),Liver cancer,2018,Females,119.32,691.94,17.24,2124.36,12119.20,17.53,28.97,169.44,17.10,2153.32,12288.63,17.52
Overweight (including obesity),Liver cancer,2018,Males,400.24,1457.65,27.46,7945.42,28107.12,28.27,119.22,434.36,27.45,8064.64,28541.48,28.26
Overweight (including obesity),Liver cancer,2018,Persons,519.56,2149.60,24.17,10069.78,40226.32,25.03,148.18,603.79,24.54,10217.96,40830.11,25.03
Overweight (including obesity),Myeloma,2003,Females,27.09,352.79,7.68,446.64,5339.39,8.36,41.92,561.73,7.46,488.56,5901.12,8.28
Overweight (including obesity),Myeloma,2003,Males,33.57,411.12,8.16,598.11,7092.31,8.43,53.16,657.19,8.09,651.28,7749.50,8.40
Overweight (including obesity),Myeloma,2003,Persons,60.66,763.91,7.94,1044.75,12431.70,8.40,95.09,1218.92,7.80,1139.83,13650.63,8.35
Overweight (including obesity),Myeloma,2011,Females,37.57,403.51,9.31,568.46,5983.59,9.50,61.27,664.96,9.21,629.73,6648.54,9.47
Overweight (including obesity),Myeloma,2011,Males,40.89,473.10,8.64,733.78,7906.33,9.28,68.20,802.10,8.50,801.98,8708.42,9.21
Overweight (including obesity),Myeloma,2011,Persons,78.47,876.62,8.95,1302.25,13889.91,9.38,129.47,1467.05,8.83,1431.72,15356.97,9.32
Overweight (including obesity),Myeloma,2015,Females,36.66,432.53,8.48,575.11,6367.44,9.03,62.54,745.12,8.39,637.65,7112.56,8.97
Overweight (including obesity),Myeloma,2015,Males,53.65,569.71,9.42,884.92,8978.14,9.86,91.26,982.99,9.28,976.18,9961.13,9.80
Overweight (including obesity),Myeloma,2015,Persons,90.31,1002.24,9.01,1460.03,15345.58,9.51,153.79,1728.10,8.90,1613.83,17073.68,9.45
Overweight (including obesity),Myeloma,2018,Females,44.24,453.07,9.76,648.80,6448.09,10.06,76.59,793.76,9.65,725.39,7241.84,10.02
Overweight (including obesity),Myeloma,2018,Males,57.49,575.56,9.99,912.81,8680.36,10.52,102.39,1031.73,9.92,1015.20,9712.10,10.45
Overweight (including obesity),Myeloma,2018,Persons,101.73,1028.63,9.89,1561.61,15128.45,10.32,178.98,1825.49,9.80,1740.59,16953.94,10.27
Overweight (including obesity),Non-Hodgkin lymphoma,2003,Females,39.39,672.89,5.85,718.90,11590.60,6.20,32.89,551.05,5.97,751.79,12141.65,6.19
Overweight (including obesity),Non-Hodgkin lymphoma,2003,Males,68.08,826.77,8.23,1387.15,16567.85,8.37,55.68,671.64,8.29,1442.82,17239.49,8.37
Overweight (including obesity),Non-Hodgkin lymphoma,2003,Persons,107.47,1499.66,7.17,2106.04,28158.45,7.48,88.57,1222.69,7.24,2194.61,29381.14,7.47
Overweight (including obesity),Non-Hodgkin lymphoma,2011,Females,43.36,622.15,6.97,672.39,9596.84,7.01,44.69,640.09,6.98,717.08,10236.93,7.00
Overweight (including obesity),Non-Hodgkin lymphoma,2011,Males,68.49,798.24,8.58,1240.79,13808.21,8.99,73.42,829.77,8.85,1314.21,14637.98,8.98
Overweight (including obesity),Non-Hodgkin lymphoma,2011,Persons,111.85,1420.40,7.87,1913.18,23405.05,8.17,118.11,1469.86,8.04,2031.29,24874.91,8.17
Overweight (including obesity),Non-Hodgkin lymphoma,2015,Females,40.85,660.18,6.19,615.09,9496.22,6.48,47.38,725.06,6.54,662.47,10221.28,6.48
Overweight (including obesity),Non-Hodgkin lymphoma,2015,Males,80.11,860.46,9.31,1386.11,14622.08,9.48,88.50,943.04,9.38,1474.61,15565.12,9.47
Overweight (including obesity),Non-Hodgkin lymphoma,2015,Persons,120.96,1520.65,7.95,2001.19,24118.30,8.30,135.88,1668.10,8.15,2137.08,25786.40,8.29
Overweight (including obesity),Non-Hodgkin lymphoma,2018,Females,51.21,705.42,7.26,702.98,9436.21,7.45,58.24,788.87,7.38,761.22,10225.08,7.44
Overweight (including obesity),Non-Hodgkin lymphoma,2018,Males,91.35,929.65,9.83,1468.53,14298.29,10.27,103.15,1024.51,10.07,1571.68,15322.81,10.26
Overweight (including obesity),Non-Hodgkin lymphoma,2018,Persons,142.56,1635.08,8.72,2171.51,23734.50,9.15,161.39,1813.39,8.90,2332.90,25547.89,9.13
Overweight (including obesity),Oesophageal cancer,2003,Females,91.44,382.59,23.90,1495.31,5827.53,25.66,31.44,134.94,23.30,1526.74,5962.46,25.61
Overweight (including obesity),Oesophageal cancer,2003,Males,224.28,784.57,28.59,4636.96,15818.47,29.31,75.57,266.15,28.39,4712.53,16084.61,29.30
Overweight (including obesity),Oesophageal cancer,2003,Persons,315.72,1167.17,27.05,6132.27,21645.99,28.33,107.01,401.08,26.68,6239.28,22047.07,28.30
Overweight (including obesity),Oesophageal cancer,2011,Females,100.38,358.04,28.04,1528.22,5353.64,28.55,37.69,134.42,28.04,1565.91,5488.06,28.53
Overweight (including obesity),Oesophageal cancer,2011,Males,279.49,930.39,30.04,5638.95,17934.86,31.44,101.72,339.94,29.92,5740.67,18274.80,31.41
Overweight (including obesity),Oesophageal cancer,2011,Persons,379.87,1288.44,29.48,7167.18,23288.50,30.78,139.41,474.36,29.39,7306.58,23762.86,30.75
Overweight (including obesity),Oesophageal cancer,2015,Females,100.43,388.15,25.87,1583.85,5810.77,27.26,36.99,142.82,25.90,1620.84,5953.59,27.22
Overweight (including obesity),Oesophageal cancer,2015,Males,306.76,961.69,31.90,5903.51,18065.36,32.68,113.95,358.47,31.79,6017.45,18423.83,32.66
Overweight (including obesity),Oesophageal cancer,2015,Persons,407.19,1349.84,30.17,7487.36,23876.14,31.36,150.93,501.29,30.11,7638.29,24377.42,31.33
Overweight (including obesity),Oesophageal cancer,2018,Females,106.37,367.76,28.93,1510.25,5092.51,29.66,41.13,141.49,29.07,1551.38,5234.01,29.64
Overweight (including obesity),Oesophageal cancer,2018,Males,341.51,1018.53,33.53,6522.87,18914.17,34.49,129.91,387.68,33.51,6652.79,19301.85,34.47
Overweight (including obesity),Oesophageal cancer,2018,Persons,447.88,1386.28,32.31,8033.13,24006.68,33.46,171.04,529.18,32.32,8204.17,24535.86,33.44
Overweight (including obesity),Osteoarthritis,2003,Females,0.00,68.12,0.00,0.00,482.08,0.00,10285.07,43468.30,23.66,10285.07,43950.38,23.40
Overweight (including obesity),Osteoarthritis,2003,Males,0.00,14.75,0.00,0.00,121.24,0.00,6714.70,26820.23,25.04,6714.70,26941.46,24.92
Overweight (including obesity),Osteoarthritis,2003,Persons,0.00,82.88,0.00,0.00,603.32,0.00,16999.77,70288.53,24.19,16999.77,70891.84,23.98
Overweight (including obesity),Osteoarthritis,2011,Females,0.00,88.89,0.00,0.00,547.95,0.00,14879.59,56975.24,26.12,14879.59,57523.19,25.87
Overweight (including obesity),Osteoarthritis,2011,Males,0.00,26.85,0.00,0.00,190.16,0.00,7685.16,29019.76,26.48,7685.16,29209.92,26.31
Overweight (including obesity),Osteoarthritis,2011,Persons,0.00,115.74,0.00,0.00,738.11,0.00,22564.76,85995.00,26.24,22564.76,86733.11,26.02
Overweight (including obesity),Osteoarthritis,2015,Females,0.00,95.01,0.00,0.00,494.52,0.00,19111.51,74629.22,25.61,19111.51,75123.75,25.44
Overweight (including obesity),Osteoarthritis,2015,Males,0.00,46.29,0.00,0.00,430.38,0.00,11094.82,40352.35,27.49,11094.82,40782.73,27.20
Overweight (including obesity),Osteoarthritis,2015,Persons,0.00,141.30,0.00,0.00,924.90,0.00,30206.33,114981.58,26.27,30206.33,115906.48,26.06
Overweight (including obesity),Osteoarthritis,2018,Females,0.00,63.02,0.00,0.00,303.37,0.00,20941.12,76133.49,27.51,20941.12,76436.86,27.40
Overweight (including obesity),Osteoarthritis,2018,Males,0.00,21.41,0.00,0.00,188.41,0.00,12680.04,43363.72,29.24,12680.04,43552.13,29.11
Overweight (including obesity),Osteoarthritis,2018,Persons,0.00,84.43,0.00,0.00,491.78,0.00,33621.16,119497.21,28.14,33621.16,119988.99,28.02
Overweight (including obesity),Other leukaemias,2003,Females,9.07,92.51,9.80,134.34,1341.37,10.02,7.70,78.85,9.77,142.05,1420.22,10.00
Overweight (including obesity),Other leukaemias,2003,Males,8.41,111.23,7.56,138.31,1936.06,7.14,8.69,112.40,7.73,147.00,2048.46,7.18
Overweight (including obesity),Other leukaemias,2003,Persons,17.48,203.74,8.58,272.66,3277.43,8.32,16.39,191.25,8.57,289.05,3468.68,8.33
Overweight (including obesity),Other leukaemias,2011,Females,15.25,124.64,12.23,180.59,1508.29,11.97,13.62,112.19,12.14,194.21,1620.49,11.98
Overweight (including obesity),Other leukaemias,2011,Males,12.45,159.25,7.82,184.02,2312.57,7.96,13.22,168.21,7.86,197.24,2480.78,7.95
Overweight (including obesity),Other leukaemias,2011,Persons,27.70,283.89,9.76,364.61,3820.87,9.54,26.84,280.40,9.57,391.45,4101.27,9.54
Overweight (including obesity),Other leukaemias,2015,Females,14.84,134.49,11.03,203.08,1782.97,11.39,12.77,115.08,11.10,215.86,1898.05,11.37
Overweight (including obesity),Other leukaemias,2015,Males,15.44,176.93,8.73,220.55,2516.14,8.77,16.16,186.66,8.66,236.71,2702.79,8.76
Overweight (including obesity),Other leukaemias,2015,Persons,30.28,311.42,9.72,423.64,4299.11,9.85,28.93,301.74,9.59,452.57,4600.84,9.84
Overweight (including obesity),Other leukaemias,2018,Females,16.04,128.11,12.52,202.10,1797.34,11.24,14.83,117.79,12.59,216.94,1915.13,11.33
Overweight (including obesity),Other leukaemias,2018,Males,19.16,208.34,9.20,274.46,2990.43,9.18,20.23,217.32,9.31,294.69,3207.75,9.19
Overweight (including obesity),Other leukaemias,2018,Persons,35.19,336.45,10.46,476.56,4787.77,9.95,35.06,335.11,10.46,511.62,5122.88,9.99
Overweight (including obesity),Ovarian cancer,2003,Females,29.27,821.34,3.56,622.58,16860.09,3.69,31.54,920.44,3.43,654.12,17780.53,3.68
Overweight (including obesity),Ovarian cancer,2003,Persons,29.27,821.34,3.56,622.58,16860.09,3.69,31.54,920.44,3.43,654.12,17780.53,3.68
Overweight (including obesity),Ovarian cancer,2011,Females,39.20,958.46,4.09,763.93,18932.66,4.03,43.72,1083.00,4.04,807.66,20015.66,4.04
Overweight (including obesity),Ovarian cancer,2011,Persons,39.20,958.46,4.09,763.93,18932.66,4.03,43.72,1083.00,4.04,807.66,20015.66,4.04
Overweight (including obesity),Ovarian cancer,2015,Females,36.34,952.07,3.82,694.44,17359.38,4.00,40.52,1084.46,3.74,734.96,18443.84,3.98
Overweight (including obesity),Ovarian cancer,2015,Persons,36.34,952.07,3.82,694.44,17359.38,4.00,40.52,1084.46,3.74,734.96,18443.84,3.98
Overweight (including obesity),Ovarian cancer,2018,Females,43.83,1012.73,4.33,802.11,18335.08,4.37,48.82,1147.32,4.26,850.93,19482.40,4.37
Overweight (including obesity),Ovarian cancer,2018,Persons,43.83,1012.73,4.33,802.11,18335.08,4.37,48.82,1147.32,4.26,850.93,19482.40,4.37
Overweight (including obesity),Pancreatic cancer,2003,Females,76.39,970.54,7.87,1342.29,15864.18,8.46,17.50,228.06,7.67,1359.79,16092.24,8.45
Overweight (including obesity),Pancreatic cancer,2003,Males,66.23,973.98,6.80,1339.42,19004.14,7.05,16.02,237.60,6.74,1355.43,19241.74,7.04
Overweight (including obesity),Pancreatic cancer,2003,Persons,142.63,1944.52,7.33,2681.71,34868.33,7.69,33.51,465.66,7.20,2715.22,35333.98,7.68
Overweight (including obesity),Pancreatic cancer,2011,Females,114.79,1226.98,9.36,1843.66,19354.52,9.53,29.28,314.75,9.30,1872.95,19669.26,9.52
Overweight (including obesity),Pancreatic cancer,2011,Males,92.61,1274.68,7.27,1869.91,24348.45,7.68,23.93,332.37,7.20,1893.84,24680.82,7.67
Overweight (including obesity),Pancreatic cancer,2011,Persons,207.40,2501.67,8.29,3713.58,43702.96,8.50,53.22,647.12,8.22,3766.79,44350.08,8.49
Overweight (including obesity),Pancreatic cancer,2015,Females,115.06,1358.06,8.47,1880.74,20885.38,9.01,31.88,374.27,8.52,1912.62,21259.65,9.00
Overweight (including obesity),Pancreatic cancer,2015,Males,114.38,1461.94,7.82,2161.70,26686.56,8.10,31.63,405.83,7.79,2193.33,27092.39,8.10
Overweight (including obesity),Pancreatic cancer,2015,Persons,229.44,2820.00,8.14,4042.45,47571.94,8.50,63.51,780.09,8.14,4105.96,48352.04,8.49
Overweight (including obesity),Pancreatic cancer,2018,Females,147.31,1497.10,9.84,2373.78,23594.78,10.06,39.89,407.03,9.80,2413.67,24001.82,10.06
Overweight (including obesity),Pancreatic cancer,2018,Males,136.88,1641.66,8.34,2502.51,28717.76,8.71,36.66,440.20,8.33,2539.17,29157.97,8.71
Overweight (including obesity),Pancreatic cancer,2018,Persons,284.19,3138.76,9.05,4876.28,52312.54,9.32,76.56,847.24,9.04,4952.84,53159.78,9.32
Overweight (including obesity),Stroke,2003,Females,747.03,7657.86,9.76,12195.51,71719.68,17.00,1220.33,6670.08,18.30,13415.84,78389.77,17.11
Overweight (including obesity),Stroke,2003,Males,749.16,5050.04,14.83,14396.56,63806.69,22.56,1666.32,7492.70,22.24,16062.88,71299.39,22.53
Overweight (including obesity),Stroke,2003,Persons,1496.19,12707.90,11.77,26592.07,135526.37,19.62,2886.65,14162.79,20.38,29478.72,149689.16,19.69
Overweight (including obesity),Stroke,2011,Females,786.10,7171.40,10.96,11629.32,62629.99,18.57,1420.85,6850.54,20.74,13050.17,69480.53,18.78
Overweight (including obesity),Stroke,2011,Males,681.92,4691.93,14.53,13255.41,55799.55,23.76,1898.98,8022.68,23.67,15154.39,63822.23,23.74
Overweight (including obesity),Stroke,2011,Persons,1468.02,11863.33,12.37,24884.73,118429.54,21.01,3319.82,14873.22,22.32,28204.55,133302.76,21.16
Overweight (including obesity),Stroke,2015,Females,664.06,6749.72,9.84,9772.11,56728.09,17.23,1424.93,6875.61,20.72,11197.04,63603.70,17.60
Overweight (including obesity),Stroke,2015,Males,688.44,4495.70,15.31,12732.31,51644.57,24.65,2150.83,8404.70,25.59,14883.15,60049.27,24.78
Overweight (including obesity),Stroke,2015,Persons,1352.50,11245.42,12.03,22504.42,108372.66,20.77,3575.76,15280.31,23.40,26080.19,123652.97,21.09
Overweight (including obesity),Stroke,2018,Females,752.75,6227.74,12.09,11474.42,55419.66,20.70,1733.89,7438.59,23.31,13208.31,62858.25,21.01
Overweight (including obesity),Stroke,2018,Males,747.16,4406.14,16.96,14412.31,52848.32,27.27,2535.60,9299.32,27.27,16947.91,62147.64,27.27
Overweight (including obesity),Stroke,2018,Persons,1499.91,10633.88,14.11,25886.73,108267.98,23.91,4269.49,16737.92,25.51,30156.21,125005.90,24.12
Overweight (including obesity),Thyroid cancer,2003,Females,4.87,45.17,10.78,77.66,655.00,11.86,31.80,287.83,11.05,109.46,942.84,11.61
Overweight (including obesity),Thyroid cancer,2003,Males,7.79,42.69,18.24,139.07,743.04,18.72,20.18,107.96,18.69,159.25,851.00,18.71
Overweight (including obesity),Thyroid cancer,2003,Persons,12.66,87.86,14.41,216.73,1398.04,15.50,51.99,395.79,13.13,268.71,1793.84,14.98
Overweight (including obesity),Thyroid cancer,2011,Females,9.39,71.01,13.22,157.34,1180.84,13.32,61.32,502.06,12.21,218.66,1682.90,12.99
Overweight (including obesity),Thyroid cancer,2011,Males,8.58,44.08,19.46,183.19,897.88,20.40,36.92,184.92,19.97,220.12,1082.79,20.33
Overweight (including obesity),Thyroid cancer,2011,Persons,17.97,115.09,15.61,340.53,2078.72,16.38,98.24,686.97,14.30,438.78,2765.69,15.86
Overweight (including obesity),Thyroid cancer,2015,Females,10.44,86.03,12.13,173.35,1335.85,12.98,77.23,632.57,12.21,250.58,1968.42,12.73
Overweight (including obesity),Thyroid cancer,2015,Males,13.71,65.85,20.82,246.28,1156.31,21.30,50.86,248.88,20.43,297.14,1405.19,21.15
Overweight (including obesity),Thyroid cancer,2015,Persons,24.15,151.88,15.90,419.63,2492.16,16.84,128.08,881.45,14.53,547.71,3373.61,16.24
Overweight (including obesity),Thyroid cancer,2018,Females,11.21,82.65,13.57,159.58,1153.76,13.83,88.47,676.41,13.08,248.05,1830.17,13.55
Overweight (including obesity),Thyroid cancer,2018,Males,13.99,63.05,22.19,268.24,1157.96,23.16,57.33,257.55,22.26,325.57,1415.52,23.00
Overweight (including obesity),Thyroid cancer,2018,Persons,25.20,145.70,17.30,427.82,2311.72,18.51,145.81,933.97,15.61,573.62,3245.69,17.67
Overweight (including obesity),Type 2 diabetes mellitus,2003,Females,460.22,1340.45,34.33,6805.04,15987.84,42.56,8557.99,16677.38,51.31,15363.03,32665.22,47.03
Overweight (including obesity),Type 2 diabetes mellitus,2003,Males,637.35,1507.63,42.28,11709.42,23773.57,49.25,11580.17,21279.19,54.42,23289.59,45052.76,51.69
Overweight (including obesity),Type 2 diabetes mellitus,2003,Persons,1097.57,2848.08,38.54,18514.46,39761.41,46.56,20138.16,37956.57,53.06,38652.62,77717.98,49.73
Overweight (including obesity),Type 2 diabetes mellitus,2011,Females,654.41,1694.21,38.63,8472.27,18396.24,46.05,14209.86,26436.71,53.75,22682.13,44832.95,50.59
Overweight (including obesity),Type 2 diabetes mellitus,2011,Males,729.21,1790.82,40.72,12428.15,25426.17,48.88,16930.92,30766.38,55.03,29359.07,56192.54,52.25
Overweight (including obesity),Type 2 diabetes mellitus,2011,Persons,1383.61,3485.02,39.70,20900.42,43822.40,47.69,31140.78,57203.09,54.44,52041.20,101025.49,51.51
Overweight (including obesity),Type 2 diabetes mellitus,2015,Females,479.50,1361.34,35.22,6313.33,14462.79,43.65,16626.34,31165.22,53.35,22939.67,45628.01,50.28
Overweight (including obesity),Type 2 diabetes mellitus,2015,Males,689.26,1571.69,43.85,11884.24,22833.20,52.05,21398.80,38252.95,55.94,33283.04,61086.16,54.49
Overweight (including obesity),Type 2 diabetes mellitus,2015,Persons,1168.76,2933.03,39.85,18197.58,37296.00,48.79,38025.13,69418.17,54.78,56222.71,106714.17,52.69
Overweight (including obesity),Type 2 diabetes mellitus,2018,Females,608.51,1510.40,40.29,8145.16,16821.64,48.42,16264.22,29999.55,54.21,24409.38,46821.20,52.13
Overweight (including obesity),Type 2 diabetes mellitus,2018,Males,865.49,1883.44,45.95,14887.87,27472.65,54.19,22192.00,38173.23,58.13,37079.87,65645.87,56.48
Overweight (including obesity),Type 2 diabetes mellitus,2018,Persons,1474.00,3393.84,43.43,23033.03,44294.29,52.00,38456.22,68172.78,56.41,61489.25,112467.07,54.67
Overweight (including obesity),Uterine cancer,2003,Females,125.59,316.64,39.66,2398.86,5754.42,41.69,240.23,586.22,40.98,2639.08,6340.65,41.62
Overweight (including obesity),Uterine cancer,2003,Persons,125.59,316.64,39.66,2398.86,5754.42,41.69,240.23,586.22,40.98,2639.08,6340.65,41.62
Overweight (including obesity),Uterine cancer,2011,Females,183.74,397.75,46.19,3268.13,6976.87,46.84,372.86,796.71,46.80,3641.00,7773.58,46.84
Overweight (including obesity),Uterine cancer,2011,Persons,183.74,397.75,46.19,3268.13,6976.87,46.84,372.86,796.71,46.80,3641.00,7773.58,46.84
Overweight (including obesity),Uterine cancer,2015,Females,217.06,503.01,43.15,3827.38,8465.80,45.21,424.75,941.57,45.11,4252.14,9407.37,45.20
Overweight (including obesity),Uterine cancer,2015,Persons,217.06,503.01,43.15,3827.38,8465.80,45.21,424.75,941.57,45.11,4252.14,9407.37,45.20
Overweight (including obesity),Uterine cancer,2018,Females,265.70,550.56,48.26,4627.81,9385.86,49.31,499.24,1020.93,48.90,5127.06,10406.79,49.27
Overweight (including obesity),Uterine cancer,2018,Persons,265.70,550.56,48.26,4627.81,9385.86,49.31,499.24,1020.93,48.90,5127.06,10406.79,49.27
